rmse,mae
7.319945962640751,7.1396046417403785
