rmse,mae
0.11647135505804275,0.10218469657208107
